compound,pc0,pc1,pc2,pc3,pc4,pc5,pc6,pc7,pc8,pc9,pc10,pc11,pc12,pc13,pc14,pc15,pc16,pc17,pc18,pc19,pc20,pc21,pc22,pc23,pc24,pc25,pc26,pc27,pc28,pc29,pc30,pc31,pc32,pc33,pc34,pc35,pc36,pc37,pc38,pc39,pc40,pc41,pc42,pc43,pc44,pc45,pc46,pc47,pc48,pc49,pc50,pc51,pc52,pc53,pc54,pc55,pc56,pc57,pc58,pc59,pc60,pc61,pc62,pc63
"(1R, 2S, 5R) - (-) - Menthol",-0.8605487,0.17761482,-0.73946154,-1.0219038,-1.0292386,-0.7089122,1.0003036,-1.601894,-0.115810685,-0.7840101,-1.8630983,0.062308397,0.4955318,-0.9833568,2.5150383,-0.09214501,-0.56511897,-0.90788954,0.18655644,0.8657437,-0.2230226,-1.5523808,0.9090822,1.5400615,0.80182785,-1.3827306,0.18027988,-0.42755955,-0.080322534,-0.4352792,-1.6708689,-0.0932265,0.58167887,-2.6984916,-0.40864113,-0.2159873,0.10814784,-0.09654298,0.83541423,0.8241618,0.49014956,-0.18454327,0.0,0.0,0.0,0.0,0.0,0.0,0.0,0.0,0.0,0.0,0.0,0.0,0.0,0.0,0.0,0.0,0.0,0.0,0.0,0.0,0.0,0.0
(S)-(+)-Camptothecin,0.54417944,0.5522852,-0.19897373,0.19644395,-0.44051525,0.2736183,-0.11315931,0.28533706,0.029670624,0.812142,-0.044898294,0.08347783,0.19215034,-0.0483123,-0.020647487,-0.22297417,-0.33470938,0.08841102,0.47913432,0.305251,-0.24230419,-0.21718802,-0.28456727,-0.2676876,-0.119190216,0.38405514,-0.025644446,0.08981018,-0.009183758,-0.13451637,-0.1104126,0.44829214,-0.32246944,-0.021679524,-0.14599949,0.10770557,0.23877408,1.2049755,-0.16648874,-0.15939906,-0.051972352,-0.33386704,0.0,0.0,0.0,0.0,0.0,0.0,0.0,0.0,0.0,0.0,0.0,0.0,0.0,0.0,0.0,0.0,0.0,0.0,0.0,0.0,0.0,0.0
1-10 Phenanthroline monohydrate,1.46721,0.5334684,0.8480882,0.4371154,-0.58078647,-0.29013127,-0.5155163,-0.25704557,-0.96141946,0.7612609,-0.36018756,-0.31406626,-0.15987232,0.8061258,0.6810244,-0.32823604,-0.7906923,0.78058195,1.0418382,1.0107989,0.039154924,-1.2240002,-1.0867139,-0.50278807,0.7302276,0.1315154,-1.7241812,1.1623732,-0.2684553,-0.8364945,-0.71940327,0.9543484,-0.8168818,0.7264378,-0.66035944,-0.6380857,0.7042331,3.6761427,1.6317612,-1.3175986,-1.0544494,-0.10720298,0.0,0.0,0.0,0.0,0.0,0.0,0.0,0.0,0.0,0.0,0.0,0.0,0.0,0.0,0.0,0.0,0.0,0.0,0.0,0.0,0.0,0.0
4-Hydroxytamoxifen,0.8624501,0.6788416,0.6167119,-0.38114858,1.0106843,-1.0007347,-0.5091295,-0.293543,0.024646448,-0.034719933,-0.25750136,0.3248336,-1.0636116,0.0284633,0.011601034,0.5849674,0.33890593,0.15107647,0.58573264,-0.03482461,-0.8896323,0.02680421,0.8226363,-0.08178602,0.3697755,-0.24524477,0.052035417,0.21746169,-0.19535717,1.1536312,0.22374396,-0.33944133,0.5320126,-0.25430834,0.22146058,1.9676138,-0.041045744,1.3131716,-1.4285345,-1.9933047,4.4201546,-0.98414344,0.0,0.0,0.0,0.0,0.0,0.0,0.0,0.0,0.0,0.0,0.0,0.0,0.0,0.0,0.0,0.0,0.0,0.0,0.0,0.0,0.0,0.0
Abietic acid,-0.40558326,0.1824638,-1.1281507,-0.7219481,-0.3402559,-0.8486398,-0.13087955,-0.41007572,0.39631668,-0.11143346,-0.008436592,0.00079051906,0.4605111,-0.3723227,-0.12095409,-0.080138564,0.5090248,-0.011134399,0.6396788,0.04018198,-0.11617712,0.25981262,-0.40011033,-0.04926933,-0.12023646,-0.51486903,-0.079949036,0.16170134,-0.0645227,-0.30825156,-0.35495472,-0.014316718,-0.0753655,0.28349978,0.011398337,0.39139354,0.06724363,-0.35583848,0.018946579,0.16512264,-0.15052618,0.15716475,0.0,0.0,0.0,0.0,0.0,0.0,0.0,0.0,0.0,0.0,0.0,0.0,0.0,0.0,0.0,0.0,0.0,0.0,0.0,0.0,0.0,0.0
Amiodarone hydrochloride,0.6603587,0.48798352,-0.1445764,-0.567323,0.8218859,-1.0061687,-0.23239785,-0.14702277,0.20297752,-0.6421308,-0.06686919,-0.5161836,-0.5617215,-1.012491,-0.18796481,0.5807255,-0.16153795,2.5282516,-1.4158471,-2.0353806,-1.4808378,-0.33270285,-2.0852876,2.349684,0.5898774,1.2857673,1.7482591,-0.02091095,0.9448118,-0.61257446,-0.26039755,-0.9642557,0.23588935,0.110490605,0.47405773,-1.9551042,0.4000575,0.56486917,-0.19976386,0.23072642,-0.050504763,-0.17308034,0.0,0.0,0.0,0.0,0.0,0.0,0.0,0.0,0.0,0.0,0.0,0.0,0.0,0.0,0.0,0.0,0.0,0.0,0.0,0.0,0.0,0.0
Amphotericin B,-1.3926604,0.195407,0.35171923,-0.3888944,2.4595475,1.250952,-1.5015292,-1.217512,-1.0737704,-0.40527835,1.0962408,0.9318368,1.4430196,0.3316476,0.17375958,-0.047073897,-0.213562,-0.123090595,0.45158243,-0.5213442,-0.3611027,-0.878463,0.097466715,0.19073698,-0.31327334,0.050860867,0.03577185,-0.10572696,-0.5718829,-0.05389336,-0.016668405,0.29225114,0.07680656,-0.20048733,0.22564875,-0.0886618,0.21039784,0.3416639,0.03456993,-0.16382563,0.5156059,4.495679,0.0,0.0,0.0,0.0,0.0,0.0,0.0,0.0,0.0,0.0,0.0,0.0,0.0,0.0,0.0,0.0,0.0,0.0,0.0,0.0,0.0,0.0
Anisomycin,-0.10420651,0.33003455,-0.7627733,0.04505929,-1.0219717,0.48442766,-1.1177937,0.56118864,-0.28066725,-0.40179688,-0.56176955,0.7980554,-0.19324462,1.4720943,-1.1660075,0.961005,0.15810674,0.23351899,-1.6259235,0.23917973,0.26396376,-0.1649887,1.0320184,-1.5304996,1.0869247,2.2483952,-0.06796025,-0.026358236,-2.2207572,-1.4452654,-1.1407871,-0.9606296,1.1120132,-1.2904181,2.15251,0.5903629,1.4450375,0.30717456,-0.14121865,0.8895561,-0.20266706,-0.2877216,0.0,0.0,0.0,0.0,0.0,0.0,0.0,0.0,0.0,0.0,0.0,0.0,0.0,0.0,0.0,0.0,0.0,0.0,0.0,0.0,0.0,0.0
Artemisinin,-0.6844514,-0.0232818,-2.2632353,-0.0064813085,-0.67278975,-0.5377966,-0.6508602,-0.70685565,0.36484432,0.4180334,0.23291641,-0.42395353,0.9016427,-0.3958162,0.2728636,-0.70075196,1.0311031,1.1877985,0.30114174,-0.43085605,1.4058468,1.6314734,0.7037274,1.2609578,0.24582352,0.41214046,0.7432149,3.273934,-2.0010254,1.3579121,0.66661924,2.0847003,0.79188454,0.13271657,-0.45572072,-0.11551755,-0.23702104,0.2224229,-0.121941365,-0.0774654,-0.18115605,-0.16768236,0.0,0.0,0.0,0.0,0.0,0.0,0.0,0.0,0.0,0.0,0.0,0.0,0.0,0.0,0.0,0.0,0.0,0.0,0.0,0.0,0.0,0.0
Brefeldin A,-0.67081845,0.003987491,-1.5181481,-0.16770916,0.3770782,-0.35821867,-1.4022329,-0.21763189,0.031378552,-0.6224416,-0.45139378,0.4341038,0.8998124,0.5142753,1.1488045,-0.3580988,0.6389404,-0.74347013,-0.5514866,0.15474357,0.2185797,3.0557892,-0.18550128,-1.4857141,0.27961165,-0.32718372,0.28749996,1.0680727,2.4441938,-1.5077631,-0.93688387,-2.5419948,-0.93065834,0.62723476,-1.0980974,-0.025014842,-0.16626039,0.25246754,0.76829076,-0.6570301,0.36333153,-0.08222341,0.0,0.0,0.0,0.0,0.0,0.0,0.0,0.0,0.0,0.0,0.0,0.0,0.0,0.0,0.0,0.0,0.0,0.0,0.0,0.0,0.0,0.0
CHX,-0.77819496,0.19750093,-0.6239774,-0.6145988,-1.878479,-0.39673704,-0.37982032,-0.15441494,0.07771688,-1.131294,-1.4163247,0.9462412,0.52578086,0.35183296,1.0388076,-0.23739254,-1.0153972,-1.5009576,-0.9204113,0.13319859,-0.86250055,-1.1621764,0.091731034,1.0526732,-0.78715515,2.1398869,-1.0205357,-0.2554857,0.6207474,0.69407517,2.8520205,-0.21963225,0.05202028,2.738024,0.40016466,0.66262424,-0.3635508,0.1692206,-0.10919899,0.03267544,-0.014757994,0.1542393,0.0,0.0,0.0,0.0,0.0,0.0,0.0,0.0,0.0,0.0,0.0,0.0,0.0,0.0,0.0,0.0,0.0,0.0,0.0,0.0,0.0,0.0
Cisplatin,1.0660611,-3.255326,0.193668,1.7061849,-0.39184293,0.9348709,1.3156251,-1.3388215,-0.5571347,-1.9331634,0.49551734,-1.0352956,0.76157784,-2.5121012,0.6102385,0.9416713,0.55305827,0.00011165061,0.6751408,-0.12306415,-0.5903411,0.12548774,-0.07164386,-2.0744534,0.367095,1.3757266,-0.08553865,0.33288094,0.3520585,0.37304482,0.69936,-0.09794365,0.5529978,-0.37803292,0.4269896,-0.1969746,0.1712091,0.3632095,-0.12076117,-0.13950764,0.13733472,0.106832184,0.0,0.0,0.0,0.0,0.0,0.0,0.0,0.0,0.0,0.0,0.0,0.0,0.0,0.0,0.0,0.0,0.0,0.0,0.0,0.0,0.0,0.0
Clomiphene citrate,0.42301583,0.28330094,0.68232244,-1.2550279,0.9283182,-0.4413602,0.16618207,-0.5943427,0.25468925,-0.5184099,0.108288206,0.4075383,-0.62679046,-0.26441014,-0.41501492,1.3299522,0.9538987,0.9760992,-0.027129112,0.22273125,-0.901716,1.0327375,-0.056915306,0.2579813,0.7382784,-0.35530236,-0.168522,-0.7533091,-0.8420808,1.4218596,0.9513792,-0.9165386,0.12555349,-0.33606392,-0.5433871,3.0842257,-0.9339446,-0.1649102,3.0696452,0.21854404,-2.3314064,0.009044208,0.0,0.0,0.0,0.0,0.0,0.0,0.0,0.0,0.0,0.0,0.0,0.0,0.0,0.0,0.0,0.0,0.0,0.0,0.0,0.0,0.0,0.0
Clotrimazole,1.3894683,0.83960074,0.5594484,0.74431413,0.6010512,-0.3667981,-0.5083646,-0.80719453,-0.6552827,-0.32926694,-0.9158417,0.29289266,-0.66482,1.0390558,1.2995659,0.1617622,-0.61090595,0.6976236,-0.33420885,1.0995027,0.90823096,0.28695714,-0.665919,-0.7071397,-0.2850449,-1.399161,-0.90289503,1.0437998,0.09887295,3.0623899,0.45803264,-1.424041,-0.43422467,-0.43738165,2.1466982,-1.6374606,0.29521453,-1.5964177,-1.1941993,0.4216326,-0.9130737,0.22210553,0.0,0.0,0.0,0.0,0.0,0.0,0.0,0.0,0.0,0.0,0.0,0.0,0.0,0.0,0.0,0.0,0.0,0.0,0.0,0.0,0.0,0.0
Cyclopiazonic acid,0.031085167,0.5261584,-0.43861797,0.49335212,-1.7560169,0.74673134,-0.021053253,-0.2898524,-0.16428505,0.82431173,-0.868057,0.78721654,1.674794,0.58050716,-1.4851907,-0.4444895,-2.3079245,1.6033825,3.3226316,0.10270818,-0.756863,1.5937059,-0.6384817,-0.054305755,0.7134367,0.37751085,0.5588231,-1.9280083,0.020378029,0.36797762,0.2515387,-0.51222926,0.70189106,-0.45969567,-0.36884412,-0.4477268,-0.52650803,-0.84553576,-0.102896854,-0.33639166,0.4069986,-0.011347997,0.0,0.0,0.0,0.0,0.0,0.0,0.0,0.0,0.0,0.0,0.0,0.0,0.0,0.0,0.0,0.0,0.0,0.0,0.0,0.0,0.0,0.0
Desipramine hydrochloride,1.3598106,0.5364267,-0.06113969,-0.029867357,0.82610226,-0.45853835,0.7738368,-0.22635072,-0.7154985,-0.5543955,-1.3088458,0.07330567,0.9153151,0.10965496,-0.6905749,0.08026363,0.24865584,0.31928736,0.37901637,0.41235518,0.56258684,-0.5686883,-1.586315,-0.5394598,-0.77326024,-0.3383737,0.3647304,0.6372691,-0.6933493,-1.2120976,0.24149059,-0.00064540125,-0.77649164,0.5655145,-2.3290272,1.9068211,0.4556151,-0.0084953,-2.339245,3.4024544,0.13858189,0.039491937,0.0,0.0,0.0,0.0,0.0,0.0,0.0,0.0,0.0,0.0,0.0,0.0,0.0,0.0,0.0,0.0,0.0,0.0,0.0,0.0,0.0,0.0
Doxycycline hyclate,-0.60544723,0.35605726,0.23408198,0.08812322,-0.26119253,0.79922116,0.10047192,-0.29395282,0.060995594,0.119867004,0.33283556,0.11410899,0.36962014,-0.38109273,-0.4155586,0.29494798,-0.01905488,0.2628934,0.36390188,-0.22082971,-0.33152163,0.49970028,-0.07417045,0.41193852,0.039732017,-0.22459058,-0.07876252,-0.7972305,0.5405355,0.07277509,0.22662437,0.2884433,-0.30374867,-0.74452496,0.25916162,0.60183966,-0.6222627,-0.05202351,0.17478317,0.77409136,0.058060955,0.74233085,0.0,0.0,0.0,0.0,0.0,0.0,0.0,0.0,0.0,0.0,0.0,0.0,0.0,0.0,0.0,0.0,0.0,0.0,0.0,0.0,0.0,0.0
Dyclonine hydrochloride,0.49401066,0.2709756,-0.3247495,-0.60376924,0.28007528,-1.0538988,0.48382735,0.6990688,0.493099,-1.0282042,-0.53604656,-0.52129847,0.21636373,-0.19921012,-0.2812282,0.8737348,-0.61556447,-0.5070379,-0.19405733,-0.07873781,-0.9370095,0.41637278,1.2957877,0.0404436,0.1321565,0.12607217,-0.23912676,-0.42261195,-0.40679663,-0.30093968,-0.84629464,0.86078,-0.8181912,-0.27010095,-1.280669,0.19002457,1.0126963,-0.97183794,-2.8163714,-3.3297586,-2.6750457,0.7444167,0.0,0.0,0.0,0.0,0.0,0.0,0.0,0.0,0.0,0.0,0.0,0.0,0.0,0.0,0.0,0.0,0.0,0.0,0.0,0.0,0.0,0.0
EDTA,-0.20913136,-1.5354817,1.2598207,-2.4986167,0.5731464,0.41769162,0.9557694,-0.41397685,2.4082303,1.0459596,-0.1618315,2.4837515,-0.3222048,-0.70090824,-0.2688219,0.46456838,0.42946622,-0.42298552,0.2073515,2.2792974,0.8354638,0.84723234,-1.7760807,0.19881696,-0.45351943,1.2352788,-0.3291635,0.32517198,-0.11695781,-0.09061747,-1.175138,0.72708845,0.3700522,0.5836958,0.3206023,-0.96683717,0.4289392,-0.37095195,-0.26802295,-0.26174477,0.3758921,-0.039128106,0.0,0.0,0.0,0.0,0.0,0.0,0.0,0.0,0.0,0.0,0.0,0.0,0.0,0.0,0.0,0.0,0.0,0.0,0.0,0.0,0.0,0.0
Emodin,0.40405187,0.3377155,-0.3185223,-0.1458755,-0.6908882,-0.021053916,-1.3107984,0.008948997,1.056508,0.6471853,1.5327792,0.40959844,-0.5205787,-1.0814586,0.70929265,-0.40316746,0.08423917,-0.13825944,1.060905,-0.2864496,-0.55342555,0.9119861,0.019204846,0.5823723,0.25109693,-0.49597967,-0.8478713,-0.28451708,1.7938789,-1.4113094,0.79468143,1.5419745,-1.6026796,-1.4854668,2.814986,1.5647109,-0.40978518,0.83620787,-1.5521041,1.3716263,-0.94926685,-0.00059383217,0.0,0.0,0.0,0.0,0.0,0.0,0.0,0.0,0.0,0.0,0.0,0.0,0.0,0.0,0.0,0.0,0.0,0.0,0.0,0.0,0.0,0.0
FCCP,0.9573048,-0.0946686,0.8540357,-0.66410476,-0.83488363,0.1115876,-0.3610041,-0.33545932,-1.2834216,-0.56676054,1.2216933,-1.4014086,0.70957696,1.2921809,-0.20993884,-0.64428645,2.7602663,1.06357,0.42853132,1.5744721,1.8287172,-0.39815006,1.4998083,1.7899985,-0.01421357,1.0865443,-0.21919946,-1.6380095,1.9458604,0.23812294,-0.9556432,-0.23466915,0.881793,0.69009346,-0.21001424,0.064720206,-0.046315372,-0.34442037,-0.6021558,0.06370709,-0.10875621,0.029219909,0.0,0.0,0.0,0.0,0.0,0.0,0.0,0.0,0.0,0.0,0.0,0.0,0.0,0.0,0.0,0.0,0.0,0.0,0.0,0.0,0.0,0.0
Fluconazole,0.8472517,0.23815568,0.599542,0.7085573,-0.54550767,0.6730766,-0.65523064,-0.41770673,-0.30135486,-0.5393049,-0.39681482,0.011843938,-0.26897377,0.2962599,-0.10091058,-0.1669983,-0.012352882,0.09912733,-0.94262344,0.1007279,0.55358404,-0.006426706,-0.21084803,0.0645919,-0.16353437,-0.26282546,-0.1330951,0.078694925,0.45957354,0.65496427,-0.5293926,-0.016497694,-0.16534905,0.047141694,0.052713413,-0.36269307,-0.5793239,0.2729819,0.11294406,-0.029734517,0.202471,-0.19318552,0.0,0.0,0.0,0.0,0.0,0.0,0.0,0.0,0.0,0.0,0.0,0.0,0.0,0.0,0.0,0.0,0.0,0.0,0.0,0.0,0.0,0.0
G418,-0.84902227,-0.47679576,-0.008855378,0.34235135,-0.15141067,1.0738589,-1.1073948,-0.7961159,-0.00046643222,0.36803275,-0.6904353,0.022866702,-0.52747643,0.097022824,0.3304913,-0.10857049,-0.20910768,0.5283719,-1.0275193,-0.64928246,0.26951638,-0.61210614,0.4612285,0.18650845,0.5031057,-0.12717134,0.49560598,-0.26568517,-0.12245153,-0.29776856,-0.16747762,-0.5575041,0.5504456,-0.061380714,-0.03244665,0.09536449,-0.6317416,0.2877329,0.08018043,-0.095154546,0.3563673,1.6265074,0.0,0.0,0.0,0.0,0.0,0.0,0.0,0.0,0.0,0.0,0.0,0.0,0.0,0.0,0.0,0.0,0.0,0.0,0.0,0.0,0.0,0.0
Geldanamycin,-1.3748591,0.12787272,1.7449046,0.92703015,-1.002789,-1.1656938,-0.4275034,0.5346626,-1.3644882,1.4415001,-0.68510914,-0.9608052,-0.05126771,-0.4738506,-0.1839435,3.5102155,0.16384615,-1.9383639,0.7963583,-1.7569768,1.8504051,0.9622047,-1.073996,1.0524641,-0.58520555,0.1986745,-0.5024247,0.16898325,0.1934347,-0.0048304475,-0.41680562,-0.07940514,0.31282204,-0.15200001,0.12412859,0.13424045,0.24884754,-0.18557031,0.16611135,0.07737695,0.10891526,0.38546672,0.0,0.0,0.0,0.0,0.0,0.0,0.0,0.0,0.0,0.0,0.0,0.0,0.0,0.0,0.0,0.0,0.0,0.0,0.0,0.0,0.0,0.0
H2O2,-0.7715383,-1.645392,1.4062747,0.94190586,-0.7626624,-0.57327425,0.72264045,0.1557751,1.6461506,0.16492733,-0.63160837,0.7828272,-0.28516406,0.48053005,-0.4485019,-0.3856146,0.08481266,0.37907034,-1.0832795,0.8466816,0.98430634,-0.4710019,0.012979223,0.9933157,-0.3036768,0.24222092,-0.25655314,-0.7130072,-0.025708696,0.73653877,-0.4655906,-0.071958505,0.04656333,-1.0147698,-0.55816823,-0.5716455,0.97449744,-1.0221694,-0.13426545,-1.1873685,-0.22823963,-2.7429013,0.0,0.0,0.0,0.0,0.0,0.0,0.0,0.0,0.0,0.0,0.0,0.0,0.0,0.0,0.0,0.0,0.0,0.0,0.0,0.0,0.0,0.0
Haloperidol,0.27873594,0.6122806,-0.07571986,0.9821597,-0.2544732,0.13892874,-0.8294717,-0.29053986,0.6207932,-1.6361392,-0.9597543,0.4760608,-0.3222826,0.2352173,-1.5063719,0.50920683,-0.4380769,0.10918681,-1.7254277,-0.6275634,-0.20073982,0.37429762,0.24186556,-0.9846133,-0.6759342,0.13507283,-0.6643502,-0.7650051,1.4137783,1.5056696,-2.2280695,3.2428172,-0.43103388,-0.06306545,-0.6851071,-0.47896466,-1.9445927,0.05118486,0.85342467,0.92941636,0.71706957,0.11423402,0.0,0.0,0.0,0.0,0.0,0.0,0.0,0.0,0.0,0.0,0.0,0.0,0.0,0.0,0.0,0.0,0.0,0.0,0.0,0.0,0.0,0.0
Harmine hydrochloride,1.3317589,0.5793594,0.29936978,0.62093633,-0.06571933,-0.022682004,0.0070527466,-0.16633768,-0.097287945,-0.38879085,0.30699128,-0.47689348,0.08566559,-0.36707163,0.09221005,-0.04971094,-0.28320953,0.06235163,-0.13402162,0.2497243,0.38413802,-0.8234632,-0.64585227,0.29032692,1.6989732,-0.6878708,-0.4436336,1.02246,-0.7761084,-2.7247572,-0.13957554,0.79625225,-0.1739837,1.6671444,1.082876,0.5243294,-1.4895865,-3.6578588,1.2314389,-1.1357306,1.1220374,0.22985663,0.0,0.0,0.0,0.0,0.0,0.0,0.0,0.0,0.0,0.0,0.0,0.0,0.0,0.0,0.0,0.0,0.0,0.0,0.0,0.0,0.0,0.0
Hoechst 33258,1.0605175,0.5502594,0.63901275,0.81293535,0.2373696,1.2171398,0.3367791,0.06665089,0.9818713,0.6655902,0.3153252,-0.01886168,-0.47417733,-0.37272033,0.34023616,-1.010884,-1.4438818,-0.91516286,-0.074823454,-0.72745824,0.22215393,-0.33439636,0.5562145,0.25975072,-1.593471,-0.18050228,0.8514445,1.223087,0.39757198,-0.28825778,-1.5189743,-1.3473665,3.50728,0.5712151,0.20364398,1.1101238,-2.058398,0.9077475,-0.72485936,-0.1404413,-1.4720296,0.11684439,0.0,0.0,0.0,0.0,0.0,0.0,0.0,0.0,0.0,0.0,0.0,0.0,0.0,0.0,0.0,0.0,0.0,0.0,0.0,0.0,0.0,0.0
Hydroxyurea,0.13531508,-2.2778873,0.815792,0.003887995,-1.5498402,1.3448253,-0.64028937,-0.31177804,1.3928325,-0.033083834,-0.48924267,-0.28248438,0.84376645,1.1034555,-1.7151499,-1.2280107,0.61886925,0.2287412,-0.6546051,-1.8632694,-0.8692509,-0.7044496,-0.42429015,1.3358974,-1.0800201,-1.9269911,-1.5236269,1.1092266,-0.08333016,0.3308222,-0.4476013,-1.0787109,-0.8478205,-0.5933174,-0.15514454,0.8108318,1.6500299,-0.5405789,0.3375576,-0.50412184,0.3757338,-0.17227273,0.0,0.0,0.0,0.0,0.0,0.0,0.0,0.0,0.0,0.0,0.0,0.0,0.0,0.0,0.0,0.0,0.0,0.0,0.0,0.0,0.0,0.0
Hygromycin B,-1.2019135,-0.41008252,0.0408989,0.75952435,-0.06574377,1.0444561,-0.8151798,-0.10373498,0.40309557,0.6043258,-0.79902023,-0.16632941,-0.4931824,-0.277985,0.5598636,-0.48765528,-0.040002886,0.69009143,-1.0633932,-0.44482517,0.43277228,-0.4957286,0.3360903,0.066521965,0.3383528,0.066388465,0.1276547,-0.5858896,-0.07963342,-0.24787149,0.17138526,-0.058154196,0.13863371,-0.11399836,-0.25669813,0.341003,-0.20318794,-0.08388193,-0.29176807,0.10184544,0.41109157,-0.31957823,0.0,0.0,0.0,0.0,0.0,0.0,0.0,0.0,0.0,0.0,0.0,0.0,0.0,0.0,0.0,0.0,0.0,0.0,0.0,0.0,0.0,0.0
LY 294002 hydrochloride,0.9198565,0.7139038,-0.27337795,0.72309184,0.82625854,-0.03643423,-0.15828617,0.5934756,0.47503915,0.6189809,0.49055386,0.45320278,-1.0130305,-0.011272458,0.346919,-0.46330765,-0.44107157,0.36416793,-0.584619,-0.10297363,0.8570165,-0.032453127,0.18450968,-0.15818767,-1.253044,1.2542666,-1.6985626,0.05534787,1.2206786,-0.99502194,2.470315,0.47798783,1.5773852,-2.7741296,-2.1871495,-0.5104769,1.3440329,-1.3176613,1.0662967,-0.30976012,0.49029985,0.091145344,0.0,0.0,0.0,0.0,0.0,0.0,0.0,0.0,0.0,0.0,0.0,0.0,0.0,0.0,0.0,0.0,0.0,0.0,0.0,0.0,0.0,0.0
MMS,0.011874174,-1.2998091,-0.5530063,-1.0431803,-1.0148544,0.20418109,0.18540247,0.9835419,0.104130104,0.819664,0.9930618,-0.7872738,0.840368,1.2237532,-0.22297834,-0.42319348,-0.4002818,-0.09444594,-0.8436244,-0.18557118,-0.26046786,-0.40610015,0.20755845,0.58909816,-0.42479822,-0.7085215,-0.8625318,0.20818569,-0.44370517,0.59720683,0.64101887,-0.36829484,-0.7953795,-0.46176735,0.5867641,-0.55695033,0.018865535,0.82678896,0.6314474,0.033438504,0.5751977,-0.18325904,0.0,0.0,0.0,0.0,0.0,0.0,0.0,0.0,0.0,0.0,0.0,0.0,0.0,0.0,0.0,0.0,0.0,0.0,0.0,0.0,0.0,0.0
NaCl,0.6186895,-3.281199,-1.6293745,1.8404107,0.93032724,-1.710058,0.07834427,0.46935183,-1.830591,0.5686434,0.51720387,2.1002986,-1.8633722,1.524861,-0.28834364,-0.4680729,-0.30523688,-0.99941814,0.18772611,0.36522034,-0.5591962,0.16649401,0.1367813,1.6759558,0.15517396,-0.3821718,0.56246984,-0.7234272,-0.39700305,-0.1869016,-0.3500284,0.20665503,-0.05019613,0.20404743,-0.19695173,-0.12761675,-0.52009207,-0.033021804,0.09193992,0.27328795,-0.29838648,-0.027908308,0.0,0.0,0.0,0.0,0.0,0.0,0.0,0.0,0.0,0.0,0.0,0.0,0.0,0.0,0.0,0.0,0.0,0.0,0.0,0.0,0.0,0.0
Neomycin B,-1.0630246,-0.55389416,0.13796441,0.773762,-0.25759012,1.5792664,-0.95270056,-0.47568053,0.5348755,0.10108931,-0.4616216,-0.07680559,-0.39127493,0.33486706,0.13578202,-0.3163099,-0.5063804,0.4764714,-0.7687741,-0.5549281,0.5594072,-0.2957933,0.39742932,0.4368765,0.46435222,-0.11920571,-0.03860372,-0.04731784,-0.03178298,-0.14985508,-0.06150862,-0.3898104,-0.022993619,0.14974873,-0.034200486,-0.048001695,0.23934078,0.47544572,0.010214883,0.07268013,0.46225703,0.48255348,0.0,0.0,0.0,0.0,0.0,0.0,0.0,0.0,0.0,0.0,0.0,0.0,0.0,0.0,0.0,0.0,0.0,0.0,0.0,0.0,0.0,0.0
Nigericin,-1.6975874,0.4851761,-1.5665599,0.6181718,0.5575858,1.1907804,1.9723729,-2.5553927,1.4767715,0.38769573,0.7032561,-2.2846346,-1.874511,2.8374238,-0.28889048,1.1218513,-0.14693533,-0.38036796,0.48544627,0.359217,-0.24338862,-0.4837362,-0.8185303,-0.11887182,0.012261033,0.552624,0.28511995,0.059660412,0.5207108,-0.25025815,0.2654755,0.060976565,-0.6437928,0.018497547,0.06293592,0.2324459,-0.13559268,0.026693245,-0.27337956,-0.16998968,0.0098749865,-0.20748527,0.0,0.0,0.0,0.0,0.0,0.0,0.0,0.0,0.0,0.0,0.0,0.0,0.0,0.0,0.0,0.0,0.0,0.0,0.0,0.0,0.0,0.0
Nocodazole,1.034266,0.515603,0.647551,0.0020548645,-0.77289623,0.4501742,-0.36818612,0.778951,0.37918556,0.5100158,2.0382097,-0.5326956,-0.5213906,-0.44307655,1.0764863,-1.1146051,-1.0797021,-1.4159081,0.23791778,-0.32474795,0.07723809,-0.28149024,0.17116848,0.19104984,0.10399163,2.4859033,1.3658264,0.24597336,-1.0918274,1.6756973,-1.3615652,-1.0050801,-2.9512599,-0.5709529,-1.214156,0.2970614,0.12073898,-0.87552005,0.64443284,0.6121248,0.58735335,0.113273345,0.0,0.0,0.0,0.0,0.0,0.0,0.0,0.0,0.0,0.0,0.0,0.0,0.0,0.0,0.0,0.0,0.0,0.0,0.0,0.0,0.0,0.0
Nystatin dihydrate,-1.7266365,0.009091471,0.8671829,0.30871424,2.3065643,0.89853704,-1.6751853,-0.76973796,-0.8815771,-0.39898995,0.89895445,0.6073864,1.6991827,-0.09778082,0.1836495,0.09551849,-0.6144495,-0.28829262,0.28797862,-0.16137369,-0.023311608,-1.0265846,0.06558003,0.09512225,-0.39583734,0.19824612,0.06846306,-0.21688741,-0.25964203,-0.10358137,0.028863357,0.50598663,-0.20481947,0.017504534,-0.12027879,-0.22940767,0.061247863,-0.5553551,-0.21306145,-0.29392758,-0.92838883,-4.4672837,0.0,0.0,0.0,0.0,0.0,0.0,0.0,0.0,0.0,0.0,0.0,0.0,0.0,0.0,0.0,0.0,0.0,0.0,0.0,0.0,0.0,0.0
Oligomycin,-2.129781,0.3630433,1.3015138,0.8668184,0.32435104,-1.591259,-0.070076086,-0.38119882,-0.8397931,0.30809262,-0.41577855,-2.09711,-0.6655991,-1.7350794,-2.2270927,-2.7756531,-0.4657059,-0.5691599,-1.0474644,2.3662093,-1.0602946,1.0459523,-0.3792458,0.06353908,-0.13263609,0.23739102,-0.30755904,0.10973514,-0.30632982,-0.070450835,0.11434277,-0.2757435,0.22163251,-0.2526917,0.49114344,0.12322281,0.31885388,0.056934588,0.032698177,0.18114291,0.023138672,0.36124003,0.0,0.0,0.0,0.0,0.0,0.0,0.0,0.0,0.0,0.0,0.0,0.0,0.0,0.0,0.0,0.0,0.0,0.0,0.0,0.0,0.0,0.0
Parthenolide,-0.31528533,0.2748664,-1.633966,-0.44923657,-0.35694218,-1.288506,-0.6270064,-0.40339014,0.5801397,0.30664194,1.0111731,-0.5516261,-0.58115333,-0.85197914,1.1706294,-1.2512869,1.350011,0.021855747,0.2778285,-1.6029339,0.43796325,-0.33106443,-1.7180563,-1.6467978,-1.0262027,-0.6290733,-1.7994822,-2.8986382,-2.0740252,0.1950434,-0.8148121,-0.43413335,0.87500983,0.9627283,-0.14719388,-0.4522365,-0.16516921,-0.090105005,-0.33414915,-0.19035466,0.056157954,-0.17868045,0.0,0.0,0.0,0.0,0.0,0.0,0.0,0.0,0.0,0.0,0.0,0.0,0.0,0.0,0.0,0.0,0.0,0.0,0.0,0.0,0.0,0.0
Pentamidine isethionate,0.21833906,-0.3477439,0.80086225,-0.7775103,0.16450669,0.5634711,0.21744987,0.5913836,0.6616664,-0.15157074,0.6028045,-0.5421223,0.42442402,0.37409744,-0.726892,0.5941898,0.06725284,-0.7640882,-0.773554,-0.0070180316,0.022900198,0.59501296,1.0534955,0.5899933,1.6551249,-0.6123356,-1.7412847,-0.14399211,-1.5091858,-0.5933846,1.5431011,-1.2694312,-0.50991,-0.7579746,-1.108529,-2.4497135,-3.187285,1.2576498,-1.0730021,0.81607985,0.3164002,-0.114560165,0.0,0.0,0.0,0.0,0.0,0.0,0.0,0.0,0.0,0.0,0.0,0.0,0.0,0.0,0.0,0.0,0.0,0.0,0.0,0.0,0.0,0.0
Plumbagin,0.6548944,0.19916295,-0.19907348,-0.7546436,-0.56915593,-1.1159551,-0.5132731,0.4533786,0.15863623,0.89624053,1.1314423,-0.19893678,-0.12373234,-0.2949759,0.7776714,-0.31647497,0.33288056,-0.499882,1.4405658,0.4699518,-0.24542649,0.35598794,0.040824924,0.44550735,0.10399057,-0.22669426,-0.7478216,-0.48276493,0.5672912,-0.8197609,0.7208791,0.55764,-1.1882375,-0.6577674,0.5402645,0.69589776,0.24608445,0.07869694,-0.6036709,0.17297977,-0.87910545,0.38014048,0.0,0.0,0.0,0.0,0.0,0.0,0.0,0.0,0.0,0.0,0.0,0.0,0.0,0.0,0.0,0.0,0.0,0.0,0.0,0.0,0.0,0.0
Raloxifene hydrochloride,0.4925678,0.86060137,0.12544578,0.50092447,0.73787487,0.44789663,0.72687894,0.1038681,0.9883809,-0.38634345,0.90962577,-0.15365715,-0.3714862,-0.5875759,0.10106751,0.59407413,-0.92040944,-0.52483296,0.5367334,-0.27575263,-0.681412,1.4725662,2.395706,0.6796505,0.7379168,-1.2991887,-0.7019121,-0.50570315,-0.19838247,0.014122914,-0.29792482,0.24855681,0.7108001,2.6191418,-0.05195524,-0.99332416,3.188781,0.18159522,0.78585577,1.9413843,0.41588733,-0.18758665,0.0,0.0,0.0,0.0,0.0,0.0,0.0,0.0,0.0,0.0,0.0,0.0,0.0,0.0,0.0,0.0,0.0,0.0,0.0,0.0,0.0,0.0
Rapamycin,-2.3098671,0.53391206,1.8248852,2.1967049,-0.47570133,-1.5122999,2.0945396,2.2400844,1.432337,-1.4220113,1.081436,1.4127313,0.8919324,1.2916102,1.4373893,-0.4597304,0.93733805,1.5449916,0.30178532,-0.11466262,-0.22744958,-0.31966144,-0.22561085,-0.39093134,0.22373508,-0.15723327,0.20587642,0.40429693,-0.060332227,-0.041250065,-0.12533303,-0.02287943,0.0019753566,-0.18894376,0.089843296,0.25743642,-0.20791562,0.22021013,-0.10165441,0.06177462,0.082799196,0.26949015,0.0,0.0,0.0,0.0,0.0,0.0,0.0,0.0,0.0,0.0,0.0,0.0,0.0,0.0,0.0,0.0,0.0,0.0,0.0,0.0,0.0,0.0
SDS,0.21267837,-1.5872278,-1.1681975,-2.0957074,1.531287,-1.1218097,0.8125145,2.7561114,0.00054519676,0.7245358,0.096154876,-2.5041187,1.9753879,1.0007898,0.3096084,0.2859316,-1.8634328,0.4222484,-0.055013884,0.13880262,0.011682873,-0.3367825,0.0582853,-0.7428085,-0.71390134,-0.0042864373,-0.4079791,0.1303123,0.66923875,0.59152305,-0.25724608,0.5048837,0.29963854,-0.15137805,1.3723813,0.47951832,-0.24547839,-0.027264806,0.91122943,0.5683607,0.58154833,-0.026721098,0.0,0.0,0.0,0.0,0.0,0.0,0.0,0.0,0.0,0.0,0.0,0.0,0.0,0.0,0.0,0.0,0.0,0.0,0.0,0.0,0.0,0.0
Sorbitol,-0.78117985,-1.8227966,1.3944737,0.25987723,-0.01295941,-0.25670737,-1.7748611,-0.39013645,1.5749483,1.7702261,-1.6055462,-0.6478369,-1.0050908,-0.111224905,0.9514899,-0.26720774,-0.7344242,1.4633542,-0.77032834,-0.36676913,1.6259778,-0.95888823,1.3974296,-1.3761674,1.4495031,-0.5784695,2.0027423,-1.1761677,0.3413744,-0.20794939,1.0294838,0.33821264,-0.33652735,0.8464448,-0.80425197,0.28085563,0.10127178,-0.04366891,-0.36355463,0.23713785,-0.3056973,0.49358034,0.0,0.0,0.0,0.0,0.0,0.0,0.0,0.0,0.0,0.0,0.0,0.0,0.0,0.0,0.0,0.0,0.0,0.0,0.0,0.0,0.0,0.0
Staurosporine,0.36226502,0.7866998,-0.34730974,1.1078255,0.4676052,1.4895968,1.8170104,0.09252115,-1.0393479,3.8815672,-1.210676,0.48923334,1.5065408,-0.46859977,0.9939178,-0.053383898,1.9178039,0.26647842,-1.8630576,-0.22328405,-1.8343585,0.27582642,0.5744326,-0.07572356,0.105354816,0.4097646,-0.33441183,-0.59870267,0.14145586,0.35815424,-0.22736867,0.36718127,-0.6692786,0.27935612,0.2522134,0.06846614,-0.22663262,-0.23761246,-0.17868674,-0.22691707,0.026572686,-0.07514429,0.0,0.0,0.0,0.0,0.0,0.0,0.0,0.0,0.0,0.0,0.0,0.0,0.0,0.0,0.0,0.0,0.0,0.0,0.0,0.0,0.0,0.0
Sulfometuron methyl,0.63602084,0.3227382,0.49410895,-0.7916681,-1.5282615,0.86285126,-0.18353027,0.48998934,-0.81634384,-0.26404512,1.6952902,-0.17998943,0.6075291,1.0473101,0.36362168,-0.048908874,0.048301574,-1.8158264,-1.8526475,0.5789065,-0.52281976,0.57854617,-2.2013328,-0.64618134,1.2056174,-1.9097096,2.3803775,-0.61471057,0.10423309,0.5449296,1.2008933,1.4791223,1.5097367,-0.4264076,-0.45290178,-0.04602846,0.9752486,0.39064187,-0.19691502,-0.41820717,0.036450263,-0.124775074,0.0,0.0,0.0,0.0,0.0,0.0,0.0,0.0,0.0,0.0,0.0,0.0,0.0,0.0,0.0,0.0,0.0,0.0,0.0,0.0,0.0,0.0
Tamoxifen,0.969016,0.7444469,0.5923007,-0.3031952,1.0069329,-1.113519,-0.36856145,-0.056892775,-0.21120098,-0.15642923,-0.30621025,0.1728159,-0.99912673,0.28228748,-0.15856181,0.61704373,0.27520606,0.18882921,0.4386832,0.16837679,-0.7117205,-0.018813703,0.63392556,-0.19274229,0.2148175,0.07641272,0.077364266,0.100784004,-0.32073754,1.1721418,0.2051994,-0.22427414,0.28765923,-0.33339018,0.106534965,1.5629948,-0.0059316154,0.98504776,-1.2021616,-2.048912,3.796807,-1.316482,0.0,0.0,0.0,0.0,0.0,0.0,0.0,0.0,0.0,0.0,0.0,0.0,0.0,0.0,0.0,0.0,0.0,0.0,0.0,0.0,0.0,0.0
Trichostatin A,0.43954617,0.3340274,1.0603483,-1.4436692,-0.32198066,-1.0239228,-0.40673733,0.014358293,-0.26836258,0.17525367,-0.8943779,-0.16626023,-0.8269776,0.95679104,-0.40153292,-0.36522678,2.116911,-1.0361085,2.2089365,-0.8199602,-2.3133807,-0.5726577,1.2649832,-1.6634401,-1.555305,0.06309166,1.6264949,1.0965807,-0.016640907,-0.70211047,0.6303705,0.5927986,0.17763011,-0.09962385,0.35353902,-1.9047818,-0.3818972,-0.75979227,0.77205384,0.6165861,-0.4075809,-0.13493286,0.0,0.0,0.0,0.0,0.0,0.0,0.0,0.0,0.0,0.0,0.0,0.0,0.0,0.0,0.0,0.0,0.0,0.0,0.0,0.0,0.0,0.0
Trifluoperazine dihydrochloride,0.9995034,0.4951309,0.020014659,0.48323733,0.31154805,0.42011723,1.248236,-0.23812787,0.207942,-1.0480537,-0.81966525,0.09959718,0.5559565,-0.23232122,-0.37058908,-0.31508338,-0.11976035,-0.0707685,-0.5311811,0.11153102,2.18461,0.9514786,0.6063353,0.64599603,-2.8940818,-0.6855434,1.911782,-1.5556488,-1.3090539,-1.1643932,1.1205696,3.7382797e-05,-1.7475334,-0.28382182,1.5059402,-0.37762552,-0.006019086,1.2918283,1.1521997,-1.2225477,0.36157817,-0.14604959,0.0,0.0,0.0,0.0,0.0,0.0,0.0,0.0,0.0,0.0,0.0,0.0,0.0,0.0,0.0,0.0,0.0,0.0,0.0,0.0,0.0,0.0
Tunicamycin,-1.2217667,-0.09355883,-0.5775455,-0.34363797,0.39816275,3.482206,-0.41723132,3.0987866,-1.0971754,-1.3032181,-1.7890198,-0.65702176,-2.502315,-0.70814294,0.9038642,-0.37778842,0.7720426,0.5198372,1.1018918,0.37654966,-0.010645215,0.32139674,-0.7546329,0.60537356,0.12515178,-0.2799031,-0.12791702,-0.0297352,-0.2847652,0.14245775,-0.08991523,0.3124162,-0.08748119,0.16675971,-0.17474997,0.09277429,-0.07435635,-0.057499122,-0.18586159,-0.15376972,0.06924978,-0.050058324,0.0,0.0,0.0,0.0,0.0,0.0,0.0,0.0,0.0,0.0,0.0,0.0,0.0,0.0,0.0,0.0,0.0,0.0,0.0,0.0,0.0,0.0
U-73122,0.18338282,0.9362223,-1.4391712,0.32419047,1.0610667,-0.26597524,0.85390997,0.8435898,0.83097935,0.0021834478,-0.67575306,0.8533846,0.52480716,-1.0147232,-2.39829,-1.0019289,1.1371732,-1.8958489,0.96548104,-0.9177631,1.8502884,-2.076835,-0.2933699,-0.3851197,2.4347706,-0.11267376,0.3901377,0.10115324,1.4199256,1.2269961,0.42912912,-0.574552,-0.1434983,-0.14609075,0.6029425,-0.24557246,0.45330843,0.50676394,0.44318226,-0.41126978,-0.5227884,0.028015554,0.0,0.0,0.0,0.0,0.0,0.0,0.0,0.0,0.0,0.0,0.0,0.0,0.0,0.0,0.0,0.0,0.0,0.0,0.0,0.0,0.0,0.0
Valinomycin,-1.19495,0.047493514,0.2611187,-2.3094702,-1.144084,0.1621525,2.291182,-0.7287279,-2.7950857,0.17082168,1.3160961,1.3863659,-1.4430263,-0.54442143,-0.75796056,-0.6291363,-1.3022294,1.3210921,-0.6987449,-1.6933998,1.1434679,-0.046730656,1.0100764,-1.2429689,-0.015781192,-0.5398016,-0.4211353,0.8025251,0.8139546,-0.15371932,-0.03201595,-0.09109647,-0.5922305,0.35711905,-0.056518395,0.13024998,-0.08844673,-0.13608085,-0.32712963,-0.16099752,0.011476174,-0.26293856,0.0,0.0,0.0,0.0,0.0,0.0,0.0,0.0,0.0,0.0,0.0,0.0,0.0,0.0,0.0,0.0,0.0,0.0,0.0,0.0,0.0,0.0
Wortmannin,-0.58634585,0.37187403,-1.7559758,0.5512231,-1.3898529,0.020758627,-1.0629501,0.89429355,0.3198207,0.7556186,1.6421785,0.43838006,-0.030082408,-1.7278023,-1.1622864,2.4459283,0.11303901,1.0922322,-0.19395971,2.4556723,-0.6276874,-2.0615785,0.49944943,-0.34088892,-1.6658196,-1.4750034,0.6579251,0.5008103,0.30645362,0.13867038,0.05791183,-1.1113813,-0.44001096,0.38667843,-0.6150571,-0.46954066,-0.23801549,-0.021097202,0.14056537,-0.15509415,0.17536433,0.20988962,0.0,0.0,0.0,0.0,0.0,0.0,0.0,0.0,0.0,0.0,0.0,0.0,0.0,0.0,0.0,0.0,0.0,0.0,0.0,0.0,0.0,0.0
