compound,pc0,pc1,pc2,pc3,pc4,pc5,pc6,pc7,pc8,pc9,pc10,pc11,pc12,pc13,pc14,pc15,pc16,pc17,pc18,pc19,pc20,pc21,pc22,pc23,pc24,pc25,pc26,pc27,pc28,pc29,pc30,pc31,pc32,pc33,pc34,pc35,pc36,pc37,pc38,pc39,pc40,pc41,pc42,pc43,pc44,pc45,pc46,pc47,pc48,pc49,pc50,pc51,pc52,pc53,pc54,pc55,pc56,pc57,pc58,pc59,pc60,pc61,pc62,pc63
"(1R, 2S, 5R) - (-) - Menthol",-0.20973197,0.060322747,-0.046029326,0.042187206,0.037841402,-0.20556325,0.24403049,-0.1808949,0.052822407,-0.34243706,-0.66743463,-0.83572894,-0.16532165,-0.28322276,-0.1727121,-0.21280575,-0.41213623,-0.043646183,0.0005874816,0.032003153,-0.784758,-0.3554091,0.5968886,0.3763355,0.7517857,0.6284371,0.06372577,0.13521726,-2.2477486,-1.7998205,5.1800942,0.32327417,1.301177,0.47184065,0.40601707,-0.26765406,-0.48971605,0.089188285,-0.44767466,-0.18905406,-0.118250966,0.3014307,0.0,0.0,0.0,0.0,0.0,0.0,0.0,0.0,0.0,0.0,0.0,0.0,0.0,0.0,0.0,0.0,0.0,0.0,0.0,0.0,0.0,0.0
(S)-(+)-Camptothecin,-0.23306498,0.01616126,-0.129817,0.18986635,0.05645667,0.13719861,-0.18527277,0.19473098,0.17541084,-0.26425657,-0.15030028,-0.049556397,0.31877938,-0.028041199,0.0962236,0.2927194,0.3981562,0.16071278,-0.03648167,0.36689737,-0.09599671,-0.15026155,0.0648159,-0.12859628,0.24483524,0.44603887,0.18153176,-0.13082524,-0.08355065,-0.23644724,0.45390695,0.4790994,-0.43726578,0.70196575,-0.4032905,0.092461854,0.59565675,0.14231332,-0.9623704,-0.266268,-0.0103517575,1.0489343,0.0,0.0,0.0,0.0,0.0,0.0,0.0,0.0,0.0,0.0,0.0,0.0,0.0,0.0,0.0,0.0,0.0,0.0,0.0,0.0,0.0,0.0
1-10 Phenanthroline monohydrate,-0.5956256,0.18915512,-0.110565536,-0.10408849,-0.05105616,-0.0958455,0.1171015,-0.11215615,0.18286802,-0.37511903,-0.24983062,-0.111592196,0.0791709,0.15327758,0.011747025,-0.16134426,-0.09577149,-0.1154443,0.324519,0.3134746,-0.28905898,0.21220751,0.185774,-0.15576264,0.20918636,0.16452488,-0.8145531,0.8131069,-0.59356546,-0.28708753,-0.7807347,1.4933589,-1.9456099,4.994803,-2.0097303,1.2701284,-0.33153528,0.38454142,-1.0390271,-0.16320635,-0.008107457,0.64053035,0.0,0.0,0.0,0.0,0.0,0.0,0.0,0.0,0.0,0.0,0.0,0.0,0.0,0.0,0.0,0.0,0.0,0.0,0.0,0.0,0.0,0.0
4-Hydroxytamoxifen,-0.5544376,0.18115278,-0.20182166,-0.24836795,-0.1483283,-0.4655731,-0.26279727,-0.44591862,0.23359568,0.42012414,0.94198245,0.11218129,-0.38003117,-0.77009046,-0.5244352,0.5941757,-0.11371196,-0.1470056,0.58811206,-0.70892006,-0.15793005,1.4071393,0.10676257,-0.6343273,0.9327967,1.3332158,-2.3220007,-1.9998316,1.9046572,0.8757762,0.877634,-0.19172141,0.755701,-0.38302326,-3.4070835,-2.246994,-0.5110116,-0.3826608,0.27709466,0.0650773,-0.38534653,0.009828157,0.0,0.0,0.0,0.0,0.0,0.0,0.0,0.0,0.0,0.0,0.0,0.0,0.0,0.0,0.0,0.0,0.0,0.0,0.0,0.0,0.0,0.0
Abietic acid,-0.1747399,0.072684556,-0.11043072,0.18782982,0.25145432,-0.012093959,0.455817,0.51731074,0.34373087,0.30357975,-0.268514,-0.3297396,-0.12157462,-0.28758445,0.18926321,0.07447812,0.13573231,-0.25420472,0.14737226,-0.0006750674,-0.21548986,-0.101576276,0.28890917,0.081147395,-0.16161373,-0.14792891,0.10470778,0.100730225,0.07384386,-0.25356668,0.15622088,0.05591545,0.02759189,-0.14563023,0.05086985,0.04761546,0.058096174,0.79464275,0.36228946,0.20557283,0.38244763,-0.26622117,0.0,0.0,0.0,0.0,0.0,0.0,0.0,0.0,0.0,0.0,0.0,0.0,0.0,0.0,0.0,0.0,0.0,0.0,0.0,0.0,0.0,0.0
Amiodarone hydrochloride,-0.5212915,0.3071903,-0.2360895,-0.4048248,-0.1615429,-0.75699276,-1.1551063,-1.1635252,0.7650763,1.4954597,4.372529,-1.9177096,1.474345,1.0619367,1.4282204,-0.7671405,0.15017462,0.47142446,-0.7621828,-0.2764176,0.6814103,-1.1214862,0.21431547,0.43480256,-0.6469449,0.23536122,1.3846182,0.5535997,-0.5513231,0.11749377,0.034277085,0.047740076,0.0502823,0.16635378,-0.44529206,-0.6470028,-0.030113705,-0.12713279,0.06276027,-0.14888929,0.052239537,-0.089754984,0.0,0.0,0.0,0.0,0.0,0.0,0.0,0.0,0.0,0.0,0.0,0.0,0.0,0.0,0.0,0.0,0.0,0.0,0.0,0.0,0.0,0.0
Amphotericin B,2.161125,-2.4402227,-1.8736198,-1.4040594,-1.7380425,0.2665535,-0.19288644,0.17216899,-0.32294658,0.13234401,-0.01099758,0.045910224,-0.03000158,-0.04070069,-0.12789778,-0.06867165,0.1233212,0.040665865,0.028044354,0.18363175,0.09566628,0.10369651,0.11317288,-0.38137725,0.09631042,0.036071733,-0.02371668,0.053734507,0.019308267,0.03368251,0.1852406,-0.26556513,-0.13913792,0.113616936,-0.2083185,-0.20114599,0.10721162,0.084075436,0.0927689,0.074640274,4.6996818,-0.02952095,0.0,0.0,0.0,0.0,0.0,0.0,0.0,0.0,0.0,0.0,0.0,0.0,0.0,0.0,0.0,0.0,0.0,0.0,0.0,0.0,0.0,0.0
Anisomycin,-0.25721076,0.10396788,0.23029524,-0.08091831,-0.14552845,0.12199459,0.60601074,0.33371678,0.6431115,0.17217234,-0.13210648,0.00078265223,-0.10674544,-0.5410673,-0.88121206,-0.27360258,-0.710604,-1.2332021,0.8918868,-0.6557945,-1.4769218,-1.260043,3.5162082,-1.2505168,-2.7722328,-1.9567817,1.4060316,-1.9579333,0.17212813,0.97648245,0.08184163,0.07285587,0.22122541,0.12074554,-0.4235611,0.41638,-0.1380497,-0.12452893,0.10902712,0.018398533,0.0064123916,0.042406958,0.0,0.0,0.0,0.0,0.0,0.0,0.0,0.0,0.0,0.0,0.0,0.0,0.0,0.0,0.0,0.0,0.0,0.0,0.0,0.0,0.0,0.0
Artemisinin,0.017525494,0.1088647,-0.34181505,0.36228102,0.6561145,0.049867287,0.521544,0.55594456,-0.4086008,-0.37740856,-0.94601023,-1.3937335,-0.22334349,-0.41315117,0.6782441,-0.8746168,-2.7963958,0.84628105,-2.9567573,0.5121552,3.4625971,1.7909253,1.353425,-0.24835284,-0.6072622,-0.6672271,-0.28736898,-0.4859061,0.51375574,-0.2385986,-0.041562814,0.08166712,0.016599758,-0.006528249,0.05153286,-0.08557833,-0.04388684,0.015584005,-0.119098924,-0.042569976,-0.024719382,0.105707735,0.0,0.0,0.0,0.0,0.0,0.0,0.0,0.0,0.0,0.0,0.0,0.0,0.0,0.0,0.0,0.0,0.0,0.0,0.0,0.0,0.0,0.0
Brefeldin A,0.05877845,-0.1305518,-0.4770057,0.05589511,0.6393199,-0.19876906,-0.046282567,0.3206608,-0.016437164,-0.12569495,-0.60956025,-0.74890924,-0.31721976,-0.20321299,0.08384226,0.14745604,-0.31666765,-1.2195868,-0.12233615,0.27183896,-0.78180176,-0.56361103,-0.27527553,5.716749,-1.5110556,0.20560186,-0.7088743,-0.29456797,1.0955393,0.30975693,-0.19201414,0.12409147,-0.057894055,-0.14286985,-0.14365938,-0.03661844,-0.09256719,-0.46324676,-0.25446856,-0.073676564,0.31789255,0.1032012,0.0,0.0,0.0,0.0,0.0,0.0,0.0,0.0,0.0,0.0,0.0,0.0,0.0,0.0,0.0,0.0,0.0,0.0,0.0,0.0,0.0,0.0
CHX,0.088083595,0.24301322,0.05920981,-0.098599605,0.16216527,-0.1216418,0.23168346,-0.16471288,-0.036548913,-0.549952,-0.7004822,-0.7201652,-0.13926397,0.047005948,-0.22084285,-0.2743474,-1.0642668,0.32609364,0.21191992,1.2648929,-0.95759493,-0.5282087,0.39804766,0.27962705,3.4064157,1.3541529,4.0464497,-0.82352555,2.2423978,0.18505278,-0.5290052,0.17832963,0.020944629,0.2661872,-0.03917858,0.008391079,-0.23378603,-0.13620245,-0.005645362,-0.06298066,-0.05178161,0.080415145,0.0,0.0,0.0,0.0,0.0,0.0,0.0,0.0,0.0,0.0,0.0,0.0,0.0,0.0,0.0,0.0,0.0,0.0,0.0,0.0,0.0,0.0
Cisplatin,-0.47436252,0.10550543,-0.0953548,-0.0615428,-0.037809845,-0.26529428,0.08229502,-0.20439138,0.07955911,-0.2971361,-0.49457848,-0.48746338,-0.08520174,0.01531187,-0.24502023,-0.13498987,-0.2133822,-0.16300339,0.06390823,0.16807412,-0.38319075,-0.067523174,0.20319392,-0.103429876,0.33521315,0.2573978,-0.4834594,0.43780527,-1.0886621,-0.3499748,-0.5162899,0.20640042,-1.1878033,-0.42402625,-0.10584338,0.0037555841,0.6763021,-1.3577309,4.9587526,-2.9428525,-0.021784702,1.1342508,0.0,0.0,0.0,0.0,0.0,0.0,0.0,0.0,0.0,0.0,0.0,0.0,0.0,0.0,0.0,0.0,0.0,0.0,0.0,0.0,0.0,0.0
Clomiphene citrate,-0.5241338,0.22523275,-0.20381804,-0.24314205,-0.24864538,-0.51123166,-0.39266768,-0.57526004,0.22747344,0.51441383,1.161836,-0.519395,-0.04268507,0.03729381,-0.26245072,0.2443352,0.010358948,-0.4116559,0.116822414,-0.46955398,-0.26614523,0.8105334,0.24491122,-0.52092415,0.71170443,0.9841293,-1.801269,-1.6033912,1.5896354,0.42447722,0.9245811,1.1970882,-1.1495687,-0.3998828,2.9165208,3.4290354,1.5459206,-0.6188919,-0.24426937,0.5945641,0.13074735,0.023561994,0.0,0.0,0.0,0.0,0.0,0.0,0.0,0.0,0.0,0.0,0.0,0.0,0.0,0.0,0.0,0.0,0.0,0.0,0.0,0.0,0.0,0.0
Clotrimazole,-0.732121,0.20792462,-0.14245155,-0.19441168,-0.19399305,-0.36493564,-0.39108035,-0.44327593,0.15763636,-0.34717456,-0.48026174,-0.08909557,-0.31039965,2.6983597,0.40357172,-1.6094717,1.0468514,-1.8638085,-0.32064188,1.640918,-1.5320042,3.9099479,-1.1642009,-0.5474771,-1.2684084,-0.4142695,1.0259423,-0.30983558,-0.22900578,0.11325747,0.08383613,-0.50410783,0.42572364,-0.23376593,0.06747748,-0.22133723,-0.05442548,0.2730566,-0.15625592,0.032869224,-0.031804666,0.15436909,0.0,0.0,0.0,0.0,0.0,0.0,0.0,0.0,0.0,0.0,0.0,0.0,0.0,0.0,0.0,0.0,0.0,0.0,0.0,0.0,0.0,0.0
Cyclopiazonic acid,-0.37395653,0.2712855,-0.065560095,0.16588359,-0.13372862,0.5462417,0.64519626,3.1436872,-2.4297473,-4.1235867,2.642278,-0.091811515,0.35186064,0.36240894,-0.101599164,0.5289341,0.32449836,-0.19605231,0.2901841,-0.4341953,-0.083121814,0.034435473,-0.2247711,-0.114260495,0.025990486,-0.1531756,0.023954473,-0.05806726,0.055158645,0.01292741,0.14394625,-0.34894294,-0.05269336,-0.092247136,0.10926034,-0.015501709,0.03139932,0.002134065,-0.0049156677,-0.037587706,-0.09304362,0.0055436846,0.0,0.0,0.0,0.0,0.0,0.0,0.0,0.0,0.0,0.0,0.0,0.0,0.0,0.0,0.0,0.0,0.0,0.0,0.0,0.0,0.0,0.0
Desipramine hydrochloride,-0.5434865,0.10027491,-0.033760544,-0.048884775,-0.09113412,-0.06822055,-0.1422719,0.3670985,-0.5390952,0.21128438,-0.29442006,0.08186898,-0.4604629,0.8025762,-0.20202391,-0.24312742,0.91422516,1.0895846,0.050384883,-0.29743075,-0.1485303,0.0080616865,0.7468931,0.21530825,0.5224133,-0.14926803,-0.44063503,-0.171302,-0.9504738,-0.89678013,-2.012138,4.392724,3.191733,-1.0750196,-0.21203676,0.13775772,-0.19404666,-0.14766257,-0.38695508,-0.09163249,0.40514207,0.19619462,0.0,0.0,0.0,0.0,0.0,0.0,0.0,0.0,0.0,0.0,0.0,0.0,0.0,0.0,0.0,0.0,0.0,0.0,0.0,0.0,0.0,0.0
Doxycycline hyclate,0.017309662,-0.15330295,-0.0042376244,0.050995264,0.0064562117,0.274454,0.1418159,0.2673248,-0.2704099,-0.6320706,0.1692284,-0.21386121,0.1312504,-0.07191556,-0.3326853,0.10660967,-0.099801764,-0.13147663,0.04253143,-0.070288494,0.17153831,-0.08011632,-0.1186729,-0.21007878,0.14602374,0.19047202,-0.24947935,0.37260196,-0.39984748,0.84429526,-0.08009515,-0.3215048,-0.19094245,-0.37384546,-0.032660767,-0.6192151,0.41178298,-0.29886305,-0.54595655,0.55271447,-0.11063475,1.2016312,0.0,0.0,0.0,0.0,0.0,0.0,0.0,0.0,0.0,0.0,0.0,0.0,0.0,0.0,0.0,0.0,0.0,0.0,0.0,0.0,0.0,0.0
Dyclonine hydrochloride,-0.46322596,0.29674068,-0.07380738,-0.19041662,-0.14894694,-0.55673265,-0.2510158,-0.27618608,-0.0065721488,0.36087257,0.43854645,0.26173982,-0.90444833,-0.39771944,-0.41763675,1.3970724,-0.1298966,-0.5540315,-0.4575361,0.02227621,0.11038614,-0.20302579,-0.09282285,0.25792328,0.18918902,-0.1875864,-0.20311116,-0.36604023,0.23404077,-0.33984235,-0.538581,-0.6580029,1.3032326,1.0831972,1.1763355,-0.42982924,0.6738689,5.334342,1.592896,-0.017809018,-0.042130772,-0.00096995296,0.0,0.0,0.0,0.0,0.0,0.0,0.0,0.0,0.0,0.0,0.0,0.0,0.0,0.0,0.0,0.0,0.0,0.0,0.0,0.0,0.0,0.0
EDTA,-0.3063309,0.052154068,-0.023112774,-0.085036874,-0.13069849,-0.3492487,0.061937537,-0.2723958,0.11874455,-0.12066549,-0.11804674,-0.5976768,0.007356276,-0.122294195,-0.41486087,-0.015053947,-0.20827606,-0.14251964,-0.16817208,0.08622431,-0.41805142,-0.33629927,0.07637845,-0.24448755,0.42155302,0.43110377,-0.57192236,-0.019782305,-1.1255859,-0.123716846,-0.67199665,0.009314949,-2.5655167,-2.912895,-0.4991452,1.0791578,-3.9097023,1.956113,-1.2857368,-0.88860106,0.040491138,0.42012778,0.0,0.0,0.0,0.0,0.0,0.0,0.0,0.0,0.0,0.0,0.0,0.0,0.0,0.0,0.0,0.0,0.0,0.0,0.0,0.0,0.0,0.0
Emodin,-0.4450682,0.118191116,-0.038291078,-0.118694514,0.109923795,-0.07385023,0.11001483,-0.0351808,0.07019882,-0.18942495,-0.4669853,-0.07662144,0.34011698,-0.50093836,-0.12084655,-0.059981193,-0.3556435,0.45582286,0.25024825,0.3024614,-0.050208706,0.34334874,0.26717794,0.09204184,0.7059389,0.048710283,-0.30093446,2.3413243,-1.1184305,5.588349,0.5846726,0.14604425,1.0220097,-0.06348602,0.5449921,0.085108,0.055550046,0.23164622,-0.21757361,-0.11537784,0.010940232,0.12733014,0.0,0.0,0.0,0.0,0.0,0.0,0.0,0.0,0.0,0.0,0.0,0.0,0.0,0.0,0.0,0.0,0.0,0.0,0.0,0.0,0.0,0.0
FCCP,-0.5640603,0.19641803,-0.12640321,-0.25601447,-0.12620509,-0.42757913,0.0054978565,-0.41751832,0.031271104,-0.34917253,-1.2803894,-0.22997913,0.041019775,1.7257695,-1.2500007,-0.9280489,-0.57583195,-1.8772763,2.3494797,-2.6634858,3.3394375,-1.13645,-1.7905002,-0.29605952,-0.43986368,0.73929584,0.85554206,0.00026162204,0.16464503,0.14019369,0.14867857,0.043175034,0.3529284,-0.04589958,-0.106673956,0.17364573,0.013246351,0.06260784,-0.13094844,-0.080875285,0.111204624,0.10843024,0.0,0.0,0.0,0.0,0.0,0.0,0.0,0.0,0.0,0.0,0.0,0.0,0.0,0.0,0.0,0.0,0.0,0.0,0.0,0.0,0.0,0.0
Fluconazole,-0.465103,0.09124249,-0.06797861,-0.13627788,0.11833175,-0.17147292,-0.12584412,-0.27577218,0.09190334,-0.14993303,-0.3908537,0.06936649,-0.37730035,0.89429504,-0.31002754,-0.09692297,0.23772025,-0.5401459,-0.02908382,-0.06794435,0.18110406,-0.1035222,-0.30226284,-0.3997925,-0.12785244,0.2662513,0.04626073,0.24533029,-0.47706494,-0.14882176,0.3817729,-0.31602007,-0.27586877,0.04187565,0.46068195,-0.3045456,-0.6152927,-0.6687943,-0.788361,-0.37731776,0.0814043,-0.12663518,0.0,0.0,0.0,0.0,0.0,0.0,0.0,0.0,0.0,0.0,0.0,0.0,0.0,0.0,0.0,0.0,0.0,0.0,0.0,0.0,0.0,0.0
G418,0.33285704,-0.60364056,0.123996235,0.0017000675,-0.21762814,0.26225218,-0.0075143594,0.21735714,-0.1853208,-0.17871115,-0.1622579,-0.027558515,-0.1513848,-0.038756087,-0.1985756,-0.12971577,-0.20492661,0.23105478,0.10687984,-0.20129564,-0.23313273,-0.21187882,0.14405651,0.013916039,0.13052839,0.2506215,0.21241511,0.07692674,-0.5660457,-0.3226177,-0.05282833,-0.12581937,-0.4941335,-0.45235023,0.15482768,-0.33950922,0.24773943,-0.20613103,0.049049616,0.39777583,0.3912547,-0.32456526,0.0,0.0,0.0,0.0,0.0,0.0,0.0,0.0,0.0,0.0,0.0,0.0,0.0,0.0,0.0,0.0,0.0,0.0,0.0,0.0,0.0,0.0
Geldanamycin,0.7873962,0.28821588,-0.40653387,0.3957135,1.0249819,2.6337605,4.459758,-3.0698097,-1.0352756,0.22487184,1.0298841,0.5712665,-0.40581843,0.5485343,0.41240335,0.33750507,0.39025158,-0.006285238,0.21899176,0.14013007,0.1928384,0.03179098,-0.21940154,0.1518777,-0.077464044,-0.075158,-0.067943394,-0.03512654,-0.009313728,0.020094343,0.03007515,0.08372735,0.0029129083,-0.15826924,-0.06089323,0.06926517,0.10325525,0.071238995,0.012313264,-0.09160049,-0.0030930082,-0.050952986,0.0,0.0,0.0,0.0,0.0,0.0,0.0,0.0,0.0,0.0,0.0,0.0,0.0,0.0,0.0,0.0,0.0,0.0,0.0,0.0,0.0,0.0
H2O2,-0.454935,0.09625542,-0.09967279,-0.03821142,-0.054125156,-0.24411614,0.08655409,-0.17586559,0.09016661,-0.27055144,-0.39337647,-0.39449513,-0.039269816,-0.034267537,-0.20969038,-0.11941715,-0.18583933,-0.1287859,0.14543135,0.14298354,-0.24320264,-0.075594686,0.22289819,-0.011250815,0.30938098,0.17868164,-0.35678226,0.23590228,-0.69796216,-0.19262865,-0.23423915,0.07131311,-0.5875817,-0.2550475,-0.13910753,-0.11692325,0.03476568,-0.10531211,0.6482777,0.46887127,-0.014969884,-2.6651497,0.0,0.0,0.0,0.0,0.0,0.0,0.0,0.0,0.0,0.0,0.0,0.0,0.0,0.0,0.0,0.0,0.0,0.0,0.0,0.0,0.0,0.0
Haloperidol,-0.41324446,0.1924094,-0.053798746,-0.051752534,0.18105172,-0.6590105,-0.33533773,-0.005299424,-0.33165273,0.18254477,-0.1974955,0.344221,-1.9827496,0.6947292,-0.9435375,2.5988822,1.0744007,-1.3755637,-2.5966418,2.2226431,0.69849366,-2.352427,-0.94599015,-1.4163264,-1.1102548,0.58725345,0.26435283,0.63690656,0.59211177,0.3827682,0.57243586,0.5283679,-0.064187706,-0.18652147,-0.47491175,-0.070167266,0.036129203,-1.260402,-0.42105708,0.046088096,-0.01495818,-0.0054172096,0.0,0.0,0.0,0.0,0.0,0.0,0.0,0.0,0.0,0.0,0.0,0.0,0.0,0.0,0.0,0.0,0.0,0.0,0.0,0.0,0.0,0.0
Harmine hydrochloride,-0.5768499,0.21479811,-0.013744348,-0.14429532,-0.10360011,-0.117532805,-0.00652369,-0.18222746,-0.06030115,0.18198337,-0.09654644,0.3533124,0.6256438,-0.19104192,0.14041795,-0.080544464,-0.5324945,-0.44682577,0.8362556,-0.25982174,-0.64153093,0.33874,1.3260607,-0.6309907,-0.42316675,-0.5411801,-0.5812419,4.610944,3.280113,-1.7493547,0.40742484,0.046578474,0.2467498,-0.8484373,0.0495039,-0.1659506,-0.06065299,0.14127737,-0.1623793,0.013877243,-0.0031697669,0.25548685,0.0,0.0,0.0,0.0,0.0,0.0,0.0,0.0,0.0,0.0,0.0,0.0,0.0,0.0,0.0,0.0,0.0,0.0,0.0,0.0,0.0,0.0
Hoechst 33258,-0.5922934,0.12553449,0.05294784,-0.11063691,-0.20919019,-0.29592702,-0.29604185,-0.18844004,-0.29659826,-0.5202454,-0.16513938,2.756612,-0.23981941,-1.1662599,1.6865213,-1.0289631,-0.5758975,1.561131,0.7834613,0.84790725,0.1394361,-0.21335287,0.23533021,-0.2508846,-2.5839741,4.025799,0.5589654,-0.22068685,-0.32312542,-0.2028712,-0.27923316,-0.21661161,0.08445317,-0.076597564,0.44888583,0.07902129,0.06120132,0.1755287,-0.0013145035,0.040204365,0.024372451,0.019825703,0.0,0.0,0.0,0.0,0.0,0.0,0.0,0.0,0.0,0.0,0.0,0.0,0.0,0.0,0.0,0.0,0.0,0.0,0.0,0.0,0.0,0.0
Hydroxyurea,-0.4390292,0.0513256,-0.075728424,-0.08308804,-0.063281246,-0.18959169,0.20487702,-0.29857787,0.080924384,-0.30036986,-0.33566287,-0.47054997,0.07165131,-0.2783993,-0.39914545,-0.2224055,0.047714025,-0.10494717,0.05063847,0.1395343,-0.13594937,-0.24207379,0.18791726,0.03716406,0.32845697,0.04587692,-0.2286985,0.34767732,-1.1005055,-0.31441545,-0.6782164,-0.016974606,-0.9751257,-0.29763806,0.32642213,-1.0117729,-0.40458667,-0.54306155,1.8032144,5.558414,-0.15674949,1.3768468,0.0,0.0,0.0,0.0,0.0,0.0,0.0,0.0,0.0,0.0,0.0,0.0,0.0,0.0,0.0,0.0,0.0,0.0,0.0,0.0,0.0,0.0
Hygromycin B,0.40573224,-0.59628826,0.6962377,-0.13434477,0.06547915,0.652557,-0.5003189,-0.053917937,0.0067232284,-0.13631584,-0.36631772,-0.36601716,-0.039220784,0.12424226,0.06413705,0.27048773,-0.053457372,0.18296476,0.08251944,-0.32160938,-0.076812394,-0.35250098,0.07605411,-0.16780525,0.0858179,-0.11378824,0.014754382,-0.045259044,-0.5627011,-0.28145674,-0.35015368,0.26391527,-0.43762797,-0.748134,-0.03119897,-0.7212911,0.964001,-0.09633155,-0.65877974,0.16607219,0.39814556,0.5673976,0.0,0.0,0.0,0.0,0.0,0.0,0.0,0.0,0.0,0.0,0.0,0.0,0.0,0.0,0.0,0.0,0.0,0.0,0.0,0.0,0.0,0.0
LY 294002 hydrochloride,-0.45316276,0.15595822,0.047937185,0.04494873,-0.1755936,0.01735603,-0.5617835,-0.08589855,0.122349076,-0.065188825,0.09981263,-0.009236865,-0.35564926,0.6048495,0.80395913,-0.66735435,-1.4162005,1.856229,2.681136,3.293988,0.39583856,-1.5592148,-1.6959122,-0.2986831,-0.001181237,-2.6952894,-1.3718444,-0.9323973,0.57532233,-0.10830327,0.41495147,-0.2880022,0.2648033,-0.16354193,0.11392953,0.060093258,-0.14603657,-0.028480614,0.0078037307,-0.005352895,-0.017818097,0.07465848,0.0,0.0,0.0,0.0,0.0,0.0,0.0,0.0,0.0,0.0,0.0,0.0,0.0,0.0,0.0,0.0,0.0,0.0,0.0,0.0,0.0,0.0
MMS,-0.3951466,0.10278838,-0.056399263,0.14032137,-0.0771628,-0.17154339,0.13908201,-0.14734586,0.116573356,-0.10725986,-0.33112836,-0.35237753,0.18731739,-0.071895525,-0.23256278,0.033229593,-0.24029645,-0.078752056,0.015250488,0.020282881,-0.2618462,-0.0971241,0.30695364,0.014981282,0.33591285,0.109103195,-0.31600636,0.35508853,-0.5403809,-0.28895393,-0.3357694,-0.46869954,0.013469292,-0.21466567,-0.14832713,0.24617517,0.15407386,-0.04515523,0.40025586,0.3155635,-0.03440784,-1.6941833,0.0,0.0,0.0,0.0,0.0,0.0,0.0,0.0,0.0,0.0,0.0,0.0,0.0,0.0,0.0,0.0,0.0,0.0,0.0,0.0,0.0,0.0
NaCl,-0.52537555,0.14397584,-0.08838789,-0.04016061,-0.022217875,-0.20440236,0.09343738,-0.14246282,0.12166856,-0.26987693,-0.46617216,-0.45441034,-0.052404378,-0.0029648794,-0.19781747,-0.14566717,-0.19425255,-0.1460012,0.12801619,0.16032259,-0.27951413,-0.060353886,0.30288526,-0.012862588,0.3468054,0.17395754,-0.39269355,0.4451454,-0.80635023,-0.38395116,-0.44679406,-0.17037769,-0.41290644,-0.030546697,-0.33748662,0.15845415,0.14786623,-0.2663004,0.7385766,0.57235706,-0.0038959428,-6.161793,0.0,0.0,0.0,0.0,0.0,0.0,0.0,0.0,0.0,0.0,0.0,0.0,0.0,0.0,0.0,0.0,0.0,0.0,0.0,0.0,0.0,0.0
Neomycin B,0.41582975,-0.78238547,0.41236538,-0.0833644,-0.28819633,-0.07529738,0.09861641,-0.0760887,-0.117225885,0.07682593,-0.25378752,-0.13850173,-0.19097349,0.016988618,-0.22901833,0.07256528,-0.41129708,0.13186252,-0.039313056,-0.20064081,-0.38710278,-0.23385379,-0.042819533,-0.073706955,0.049421344,-0.10590343,-0.011178784,0.039955456,-0.70922184,-0.085161164,-0.23965646,-0.24167426,-0.91213214,-0.45581564,0.056678053,-0.439804,0.1482082,-0.31643403,-0.016131923,0.21891248,0.14618464,-0.51746994,0.0,0.0,0.0,0.0,0.0,0.0,0.0,0.0,0.0,0.0,0.0,0.0,0.0,0.0,0.0,0.0,0.0,0.0,0.0,0.0,0.0,0.0
Nigericin,1.3594071,-0.9970571,0.32943857,5.904586,-1.5691327,-0.606372,-0.6221405,-0.4886396,-0.05750231,0.057598352,0.3237546,0.48019487,0.19935288,0.24117833,-0.39910716,-0.055852953,-0.044063605,-0.20107341,0.03791594,-0.059414413,0.034066264,0.08479916,0.11045986,0.06626072,0.11381365,0.032296497,0.017318882,0.09036605,0.01474528,0.111514136,-0.043421503,0.033795815,0.00035408206,0.10804985,-0.010190973,-0.025756234,-0.023097081,-0.018031022,0.04213637,0.010143663,-0.031665087,-0.023760037,0.0,0.0,0.0,0.0,0.0,0.0,0.0,0.0,0.0,0.0,0.0,0.0,0.0,0.0,0.0,0.0,0.0,0.0,0.0,0.0,0.0,0.0
Nocodazole,-0.6435346,0.11903132,-0.064374596,-0.3684482,-0.45015484,-0.34073186,-0.19997992,-0.53568506,0.16425079,-0.68936545,-0.3972706,3.1311138,1.4577721,-0.7668138,2.3801587,-1.7935485,0.4764817,-2.1428406,-2.0562153,-0.63443893,0.09865151,-1.4711131,-0.23178849,0.13597201,1.8661438,-1.6222652,-0.5502496,-0.68891805,0.10479223,0.08413339,0.14045054,0.01655296,0.14628257,-0.14323074,-0.1374252,0.020543521,0.015703522,-0.16094601,-0.07130448,-0.09602513,-0.014169637,0.010641258,0.0,0.0,0.0,0.0,0.0,0.0,0.0,0.0,0.0,0.0,0.0,0.0,0.0,0.0,0.0,0.0,0.0,0.0,0.0,0.0,0.0,0.0
Nystatin dihydrate,2.2225552,-2.6164384,-2.0426953,-1.4749433,-1.6948406,0.25165704,-0.23891735,0.17904408,-0.29883823,0.22301665,-0.08161305,-0.014851756,-0.030755134,0.045873538,-0.013789967,-0.071760744,0.2037577,-0.055865567,0.1107663,0.15773766,0.19864328,-0.023122098,0.11731862,0.03199768,-0.11232201,-0.0068879686,0.04439184,0.1472028,-0.041330155,-0.01287228,-0.17802356,0.17545666,0.14000523,0.05836599,0.15192373,0.20672761,-0.035813108,-0.009909728,-0.019091707,-0.102124795,-4.51038,-0.07370522,0.0,0.0,0.0,0.0,0.0,0.0,0.0,0.0,0.0,0.0,0.0,0.0,0.0,0.0,0.0,0.0,0.0,0.0,0.0,0.0,0.0,0.0
Oligomycin,1.9286925,-1.0318366,-1.2088078,0.42226598,5.495802,-1.19431,-1.0273392,0.2503049,0.72424424,-0.32993013,0.38162336,0.90179825,0.31337905,0.089486845,-0.20924866,-0.032339707,0.33435464,0.030955171,0.49806246,-0.20908232,-0.15662685,0.14450149,0.01782475,-0.6741791,0.17912582,-0.21162449,-0.011266134,0.011731412,-0.20859379,-0.15825596,-0.058388226,0.006948161,-0.016929142,0.020365877,0.10126907,0.06729614,-0.03363371,0.07648445,0.05784874,0.035431966,0.05280242,-0.02331561,0.0,0.0,0.0,0.0,0.0,0.0,0.0,0.0,0.0,0.0,0.0,0.0,0.0,0.0,0.0,0.0,0.0,0.0,0.0,0.0,0.0,0.0
Parthenolide,-0.07549113,0.11488673,-0.23420012,0.66814816,0.1312911,-0.03637386,0.33016503,0.7774448,0.1919651,0.18845576,-1.7119718,-2.446825,-0.08791107,-1.1703993,4.2332206,1.8032467,2.4366422,-0.23777893,1.2190745,-0.6448579,0.44140905,0.15064223,-0.088774666,-0.78025067,-0.18474492,-0.089465976,0.3676448,-0.3545706,0.285517,0.08651435,-0.10637624,-0.20102718,-0.048054077,-0.057880342,0.05510026,-0.021830484,-0.009874028,0.04520524,-0.09243733,-0.03839512,0.070041105,0.091189235,0.0,0.0,0.0,0.0,0.0,0.0,0.0,0.0,0.0,0.0,0.0,0.0,0.0,0.0,0.0,0.0,0.0,0.0,0.0,0.0,0.0,0.0
Pentamidine isethionate,-0.42996806,0.10036391,-0.0027918734,-0.20853594,-0.12821612,-0.3185052,0.097926974,-0.40488583,-0.0014182762,0.18559986,0.13782588,-0.14193843,-0.24504022,-0.33033222,-0.50233126,0.3845205,-0.32011428,-0.4522817,0.26040456,-0.38302112,-0.3568037,0.11690646,0.25443313,-0.4107319,0.3526725,0.043174066,-0.8864913,-0.36633912,-0.2525529,-0.3292494,-1.440905,-0.61156815,-0.027610583,1.5750728,3.7658813,-3.3326805,-1.663648,-1.6198765,-1.3231366,-1.1600245,0.05241267,-0.037769765,0.0,0.0,0.0,0.0,0.0,0.0,0.0,0.0,0.0,0.0,0.0,0.0,0.0,0.0,0.0,0.0,0.0,0.0,0.0,0.0,0.0,0.0
Plumbagin,-0.39970723,0.15735428,-0.09409468,-0.024724875,0.053093214,0.2049415,0.5158231,-0.20217656,0.10083333,-0.19572863,-0.18087624,-0.14224376,0.037943892,0.09006154,-0.055820435,-0.056132037,-0.17159177,0.05842689,0.48906276,0.21513015,0.09583625,-0.11963719,-0.13502787,0.028449668,0.37445113,0.055320818,-0.19467102,0.5318873,-0.34440923,1.2356887,0.005429238,0.15363431,0.12936394,0.121279664,-0.054399177,0.09617835,0.041184157,0.06311694,0.17752579,0.13473196,0.037403945,-0.9015935,0.0,0.0,0.0,0.0,0.0,0.0,0.0,0.0,0.0,0.0,0.0,0.0,0.0,0.0,0.0,0.0,0.0,0.0,0.0,0.0,0.0,0.0
Raloxifene hydrochloride,-0.5027441,0.39366272,-0.1445062,-0.37322754,-0.49120888,-0.60924286,-0.6095969,-0.38351095,0.0798567,0.6449386,1.1690322,1.9736214,-1.5526859,-1.9252596,0.13165148,2.469455,-1.2132257,0.042353977,0.8803064,-0.86974406,0.66676736,2.248739,-0.9028801,0.88726604,0.26320583,-1.8691834,2.101981,0.39062378,-1.2434133,-0.49711475,0.07937682,0.27298337,-0.46033496,-0.39519826,-0.35665792,0.69695055,-0.012435515,-1.0957433,-0.2849741,0.04401209,0.0409866,-0.010356605,0.0,0.0,0.0,0.0,0.0,0.0,0.0,0.0,0.0,0.0,0.0,0.0,0.0,0.0,0.0,0.0,0.0,0.0,0.0,0.0,0.0,0.0
Rapamycin,4.269256,4.5978303,0.7100484,-0.7286847,-0.8243695,-0.30651292,-0.59569687,0.20739965,-0.011036471,0.025554843,-0.23118614,0.12184556,0.16298334,0.08083013,-0.11195699,-0.20228484,0.2429186,-0.01874335,0.028975654,0.03359397,0.04187729,0.06459451,0.06760105,0.004278676,-0.12782066,0.040554214,-0.35470676,0.10422873,-0.1485126,0.0063299756,-0.05352256,0.015730815,-0.03485761,0.02075455,-0.040293068,-0.056252476,0.03825625,-0.06422537,0.026021732,0.04019273,-0.065429,-0.031095691,0.0,0.0,0.0,0.0,0.0,0.0,0.0,0.0,0.0,0.0,0.0,0.0,0.0,0.0,0.0,0.0,0.0,0.0,0.0,0.0,0.0,0.0
SDS,-0.36087087,0.0994815,-0.03215622,-0.057076216,-0.014533382,-0.3093631,0.14766227,-0.25386214,0.071662486,0.15456937,-0.06475958,-0.65378624,0.07393656,-0.048148908,-0.3957835,0.33216548,-0.39019576,-0.11722743,-0.266537,-0.0017267908,-0.46904188,-0.31497732,0.3660347,-0.13459064,0.7345955,0.55547315,-0.87353593,0.22538601,-1.1387827,-0.89491427,-1.835533,-3.8926706,2.836273,0.13641119,-0.82803524,2.5589392,0.12387459,-1.1925536,-0.77991056,0.019761605,0.04222691,0.77653503,0.0,0.0,0.0,0.0,0.0,0.0,0.0,0.0,0.0,0.0,0.0,0.0,0.0,0.0,0.0,0.0,0.0,0.0,0.0,0.0,0.0,0.0
Sorbitol,-0.3088875,-0.05670258,0.13647196,-0.047835004,-0.015179675,-0.31951874,0.110732816,-0.22273459,0.10742849,-0.31784332,-0.4971819,-0.55600685,-0.069645695,-0.12475089,-0.3686854,-0.14945437,-0.45996952,-0.0656266,0.20969065,0.15015388,-0.5627572,-0.39574248,0.38967612,-0.12196988,0.4899094,0.110800266,-0.24164313,0.13311349,-1.4342738,-0.45603183,-0.7734495,-0.13525143,-1.7693789,-1.598398,-0.65387005,-1.7391995,4.5392056,0.6735349,-2.4344008,-0.49877357,-0.1763532,0.5779842,0.0,0.0,0.0,0.0,0.0,0.0,0.0,0.0,0.0,0.0,0.0,0.0,0.0,0.0,0.0,0.0,0.0,0.0,0.0,0.0,0.0,0.0
Staurosporine,-0.4248911,0.24986382,0.056970257,0.31635877,0.57294005,5.36429,-3.4160724,-0.102392904,0.124512255,0.19958793,-0.15850747,-0.13789575,-0.35765156,-0.33482128,-0.24118488,-0.07219858,0.012216773,-0.41217846,-0.2178161,-0.2795121,0.0009897297,-0.057272,0.003686208,-0.13525401,0.1339957,0.2444241,0.05780635,-0.007830455,-0.12691985,-0.06563688,-0.013037045,-0.17180589,-0.10071016,-0.028757047,0.043009523,-0.030656321,0.013104865,0.05317973,-0.01089879,-0.0104407165,-0.017280238,0.03520927,0.0,0.0,0.0,0.0,0.0,0.0,0.0,0.0,0.0,0.0,0.0,0.0,0.0,0.0,0.0,0.0,0.0,0.0,0.0,0.0,0.0,0.0
Sulfometuron methyl,-0.5297267,0.054608416,0.054224785,-0.26735437,-0.2694384,0.3316357,0.046935454,-0.3229373,0.75254864,-0.3483912,-1.2352479,0.80984724,4.899422,0.95728695,-1.1250762,2.852913,0.36691454,1.3427665,-0.34799203,0.46450776,0.3818895,0.556273,-0.117788516,0.33130413,-0.6325809,-0.1052921,0.33863074,-0.7898562,0.11804435,-0.2395904,0.23122147,0.0057782065,-0.03194775,-0.047457762,0.07135728,-0.10931795,0.034211695,0.003902173,-0.008292329,-0.08816389,-0.013825547,-0.017071167,0.0,0.0,0.0,0.0,0.0,0.0,0.0,0.0,0.0,0.0,0.0,0.0,0.0,0.0,0.0,0.0,0.0,0.0,0.0,0.0,0.0,0.0
Tamoxifen,-0.53323865,0.17764355,-0.2020943,-0.22551183,-0.12614277,-0.46449548,-0.21380399,-0.44468167,0.2769497,0.40607315,0.848128,-0.10305525,-0.30134353,-0.51505315,-0.5469913,0.51511294,-0.038355477,-0.2533806,0.45614782,-0.65937334,-0.19520748,1.1783326,0.17755646,-0.6271858,1.0216135,1.075355,-2.3603318,-1.9313242,1.917364,0.62061363,0.7760832,-0.14932622,0.6899897,-0.24408378,-2.9656382,-2.0010042,-0.44056427,-0.16337913,0.31749034,0.079606265,-0.2630615,-0.13283682,0.0,0.0,0.0,0.0,0.0,0.0,0.0,0.0,0.0,0.0,0.0,0.0,0.0,0.0,0.0,0.0,0.0,0.0,0.0,0.0,0.0,0.0
Trichostatin A,-0.4969322,-0.006353443,0.4053692,-0.087720595,-0.05679343,-0.33559743,0.113209635,-0.7541466,0.16858837,-0.6124719,0.089243144,-0.6729622,0.08694987,-3.2300856,-2.4615784,-2.1564894,3.5553455,1.1898097,-0.25570142,0.5896874,1.197241,0.34554935,-0.610348,0.2613615,-0.48735905,-0.82371354,0.6775524,-0.010486382,0.6675783,-0.2934311,0.14774883,-0.4019941,0.021508317,0.15574372,0.08353288,0.2291573,0.112779036,0.003341669,-0.19831863,-0.42210236,-0.024379581,-0.009469218,0.0,0.0,0.0,0.0,0.0,0.0,0.0,0.0,0.0,0.0,0.0,0.0,0.0,0.0,0.0,0.0,0.0,0.0,0.0,0.0,0.0,0.0
Trifluoperazine dihydrochloride,-0.6367769,0.12572378,0.06092223,-0.1717878,-0.09555959,-0.37080353,-0.51907754,0.04860767,-0.6860609,0.39577252,-0.786661,1.2817491,-1.9206182,2.9253762,0.16101368,-0.039679654,1.7693776,3.1334214,-0.5781723,-1.8275017,0.16281642,-0.24393573,1.6743581,0.9347394,0.52521425,-0.8177958,0.050126385,-0.12982555,0.53570765,0.3207137,0.68063086,-1.5344471,-1.1493733,0.22695199,0.03303923,-0.10340884,-0.053100806,-0.0879061,0.014015398,0.02546944,-0.096942626,0.028936349,0.0,0.0,0.0,0.0,0.0,0.0,0.0,0.0,0.0,0.0,0.0,0.0,0.0,0.0,0.0,0.0,0.0,0.0,0.0,0.0,0.0,0.0
Tunicamycin,1.2834091,-2.406634,5.65769,-1.1507193,0.31912452,-0.04398667,-0.12444219,-0.24162304,-0.3483218,-0.025641154,0.22009942,-0.09524525,-0.07132248,0.24371597,0.44314837,0.265514,-0.091969274,-0.36054617,0.08208575,0.06811169,0.34995645,0.3001373,0.10396864,0.2036548,0.049289595,0.08243464,-0.21266417,0.027664678,0.013308699,0.013307748,0.023091104,0.0984131,0.02392145,0.08777296,-0.059575997,0.095497765,-0.08289342,-0.023865229,0.14920793,0.05195725,-0.018423136,-0.068493545,0.0,0.0,0.0,0.0,0.0,0.0,0.0,0.0,0.0,0.0,0.0,0.0,0.0,0.0,0.0,0.0,0.0,0.0,0.0,0.0,0.0,0.0
U-73122,-0.44539556,0.20034686,0.14414015,0.2813977,0.5728889,0.14370698,0.8176824,2.7930865,-3.1249123,4.3403788,-0.17132919,0.43092042,1.1457225,-0.37455365,-0.5416963,-0.842083,0.04738022,-0.38675767,0.07581754,0.24584341,-0.28210747,0.020372424,-0.77662575,-0.18153693,0.21238147,0.14304839,0.2633083,-0.17147161,-0.22392201,-0.016147234,0.23488213,-0.2771431,-0.47871125,0.15643659,-0.07260028,-0.018914744,0.10050553,0.048497092,0.09851328,0.034934368,-0.04470008,-0.05245512,0.0,0.0,0.0,0.0,0.0,0.0,0.0,0.0,0.0,0.0,0.0,0.0,0.0,0.0,0.0,0.0,0.0,0.0,0.0,0.0,0.0,0.0
Valinomycin,0.23106976,-0.21340407,0.18629727,0.019047212,0.0008349714,-0.09031754,0.24427482,-0.32943782,0.010997998,-0.36208057,-0.68210804,-0.9526655,-0.1056781,-0.55470973,0.06442073,-0.3721325,-1.53429,1.8662671,-1.8487743,-2.6465533,-2.7719572,-0.59312356,-3.392052,-1.0136446,-1.3127979,-0.54226875,0.25699076,-0.020058135,0.7234504,0.17837739,-0.04785284,0.34250563,0.25257736,0.18092725,-0.09252698,0.075939484,0.07315791,-0.0074431757,0.054121375,0.10861488,-0.058185913,-0.05216279,0.0,0.0,0.0,0.0,0.0,0.0,0.0,0.0,0.0,0.0,0.0,0.0,0.0,0.0,0.0,0.0,0.0,0.0,0.0,0.0,0.0,0.0
Wortmannin,0.01291929,-0.096210055,0.32526746,0.22655602,-0.3653097,1.0825156,2.0950847,3.154824,4.7285113,0.7276324,0.7215094,0.7672707,-0.68780875,0.4351371,-0.21006262,-0.40021434,0.23807234,0.24496989,-0.31221935,0.009360281,0.2951939,0.075423285,-0.651572,0.14021659,0.3953268,0.42533848,-0.07450983,0.31170976,0.060434524,-0.223242,0.029983612,-0.05668896,-0.013046654,-0.13147959,0.20899849,-0.083675675,0.051862933,0.011323854,0.0030133056,-0.018891875,-0.009205851,0.037422393,0.0,0.0,0.0,0.0,0.0,0.0,0.0,0.0,0.0,0.0,0.0,0.0,0.0,0.0,0.0,0.0,0.0,0.0,0.0,0.0,0.0,0.0
